EMAIL, FIRST-NAME, LAST-NAME
test1@test.lt, Pirmas, Pirmauskas
test2@test.lt, Antras, Antrauskas
test3@test.lt, Trečias, Trečiauskas
test4@test.lt, Ketvirtas, Ketvirtauskas
test5@test.lt, Penktas, Penktauskas
test6@test.lt, Šeštas, Šeštausaks
test7@test.lt, Septintas, Septintauskas
test8@test.lt, Aštuntas, Aštuntauskas
test9@test.lt, Devintas, Devintauskas
test10@test.lt, Dešimtas, Dešimtauskas